date,tag,asset,download_count,delta
2026-09-24,dnp3-v0.1.0-3.0,DNP3-Driver.modl,4,
2026-09-24,dnp3-v0.1.0-3.0,NOTES.md,0,
2026-09-24,dnp3-v0.1.0-3.0,SHA256SUMS.txt,1,
2026-09-24,dnp3-v0.1.1-3.0,DNP3-Driver.modl,1,
2026-09-24,dnp3-v0.1.1-3.0,SHA256SUMS.txt,0,
2026-09-24,fleetops-v0.2.0,SHA256SUMS,1,
2026-09-24,fleetops-v0.2.0,SparkBridge-FleetOps-0.2.0.modl,2,
2026-09-24,fleetops-v0.2.0,sparkbridge-signing-cert.pem,0,
2026-09-24,fleetops-v0.3.0,NOTES.md,2,
2026-09-24,fleetops-v0.3.0,SHA256SUMS.txt,3,
2026-09-24,fleetops-v0.3.0,SparkBridge-FleetOps.modl,5,
2026-09-24,fleetops-v0.3.1,SHA256SUMS.txt,1,
2026-09-24,fleetops-v0.3.1,SparkBridge-FleetOps.modl,2,
2026-09-24,iec104-v0.1.0-3.0,IEC104-Driver.modl,3,
2026-09-24,iec104-v0.1.0-3.0,NOTES.md,0,
2026-09-24,iec104-v0.1.0-3.0,SHA256SUMS.txt,1,
2026-09-24,iec104-v0.1.1-3.0,IEC104-Driver.modl,2,
2026-09-24,iec104-v0.1.1-3.0,SHA256SUMS.txt,1,
2026-09-24,spark61850-v0.1.0,spark61850-0.1.0-ign81-bundle.zip,0,
2026-09-24,spark61850-v0.1.0,spark61850-0.1.0-ign83-bundle.zip,0,
2026-09-24,spark61850-v0.1.1,spark61850-0.1.1-ign81-bundle.zip,1,
2026-09-24,spark61850-v0.1.1,spark61850-0.1.1-ign83-bundle.zip,1,
2026-09-24,spark61850-v0.1.1-3.0,NOTES.md,0,
2026-09-24,spark61850-v0.1.1-3.0,SHA256SUMS.txt,1,
2026-09-24,spark61850-v0.1.1-3.0,Spark61850.modl,3,
2026-09-24,spark61850-v0.1.2-3.0,SHA256SUMS.txt,0,
2026-09-24,spark61850-v0.1.2-3.0,Spark61850.modl,1,
2026-09-24,sparkads-v0.1.0,sparkads-0.1.0-ign81-bundle.zip,0,
2026-09-24,sparkads-v0.1.0,sparkads-0.1.0-ign83-bundle.zip,0,
2026-09-24,sparkads-v0.1.1,sparkads-0.1.1-ign81-bundle.zip,1,
2026-09-24,sparkads-v0.1.1,sparkads-0.1.1-ign83-bundle.zip,1,
2026-09-24,sparkads-v0.1.1-3.0,NOTES.md,0,
2026-09-24,sparkads-v0.1.1-3.0,SHA256SUMS.txt,1,
2026-09-24,sparkads-v0.1.1-3.0,SparkADS.modl,3,
2026-09-24,sparkads-v0.1.2-3.0,SHA256SUMS.txt,1,
2026-09-24,sparkads-v0.1.2-3.0,SparkADS.modl,2,
2026-09-24,sparkbacnet-v0.1.0,sparkbacnet-0.1.0-ign81-bundle.zip,0,
2026-09-24,sparkbacnet-v0.1.0,sparkbacnet-0.1.0-ign83-bundle.zip,0,
2026-09-24,sparkbacnet-v0.1.1,sparkbacnet-0.1.1-ign81-bundle.zip,1,
2026-09-24,sparkbacnet-v0.1.1,sparkbacnet-0.1.1-ign83-bundle.zip,1,
2026-09-24,sparkbacnet-v0.1.1-3.0,NOTES.md,1,
2026-09-24,sparkbacnet-v0.1.1-3.0,SHA256SUMS.txt,2,
2026-09-24,sparkbacnet-v0.1.1-3.0,SparkBACnet.modl,5,
2026-09-24,sparkbacnet-v0.1.2-3.0,SHA256SUMS.txt,0,
2026-09-24,sparkbacnet-v0.1.2-3.0,SparkBACnet.modl,1,
2026-09-24,sparkgantt-v0.1.0,sparkgantt-0.1.0-ign81-bundle.zip,0,
2026-09-24,sparkgantt-v0.1.0,sparkgantt-0.1.0-ign83-bundle.zip,0,
2026-09-24,sparkgantt-v0.1.1,sparkgantt-0.1.1-ign81-bundle.zip,1,
2026-09-24,sparkgantt-v0.1.1,sparkgantt-0.1.1-ign83-bundle.zip,1,
2026-09-24,sparkgantt-v0.1.1-3.0,NOTES.md,1,
2026-09-24,sparkgantt-v0.1.1-3.0,SHA256SUMS.txt,2,
2026-09-24,sparkgantt-v0.1.1-3.0,SparkGantt.modl,4,
2026-09-24,sparkgantt-v0.1.2-3.0,SHA256SUMS.txt,0,
2026-09-24,sparkgantt-v0.1.2-3.0,SparkGantt.modl,1,
2026-09-24,sparkinflux-v0.1.0,sparkinflux-0.1.0-ign81-bundle.zip,1,
2026-09-24,sparkinflux-v0.1.0,sparkinflux-0.1.0-ign83-bundle.zip,0,
2026-09-24,sparkinflux-v0.2.0,sparkinflux-0.2.0-ign81-bundle.zip,4,
2026-09-24,sparkinflux-v0.2.0,sparkinflux-0.2.0-ign83-bundle.zip,2,
2026-09-24,sparkinflux-v0.2.1,sparkinflux-0.2.1-ign83-bundle.zip,1,
2026-09-24,sparkinflux-v0.2.1-3.0,NOTES.md,0,
2026-09-24,sparkinflux-v0.2.1-3.0,SHA256SUMS.txt,1,
2026-09-24,sparkinflux-v0.2.1-3.0,SparkInflux.modl,4,
2026-09-24,sparkinflux-v0.2.2-3.0,SHA256SUMS.txt,0,
2026-09-24,sparkinflux-v0.2.2-3.0,SparkInflux.modl,1,
2026-09-24,sparkinject-v0.1.0,NOTES.md,0,
2026-09-24,sparkinject-v0.1.0,SHA256SUMS.txt,1,
2026-09-24,sparkinject-v0.1.0,SparkInject-ADX.modl,0,
2026-09-24,sparkinject-v0.1.0,SparkInject-BigQuery.modl,0,
2026-09-24,sparkinject-v0.1.0,SparkInject-Databricks.modl,0,
2026-09-24,sparkinject-v0.1.0,SparkInject-Kafka.modl,0,
2026-09-24,sparkinject-v0.1.0,SparkInject-S3.modl,0,
2026-09-24,sparkinject-v0.1.0,SparkInject-Snowflake.modl,0,
2026-09-24,sparklogix-v0.2.0,NOTES.md,0,
2026-09-24,sparklogix-v0.2.0,SHA256SUMS.txt,1,
2026-09-24,sparklogix-v0.2.0,sparklogix-0.2.0-ign81.modl,3,
2026-09-24,sparklogix-v0.2.0,sparklogix-0.2.0-ign83.modl,2,
2026-09-24,sparknotify-v0.1.0,sparknotify-0.1.0-ign81-bundle.zip,0,
2026-09-24,sparknotify-v0.1.0,sparknotify-0.1.0-ign83-bundle.zip,0,
2026-09-24,sparknotify-v0.1.1,sparknotify-0.1.1-ign81-bundle.zip,2,
2026-09-24,sparknotify-v0.1.1,sparknotify-0.1.1-ign83-bundle.zip,2,
2026-09-24,sparknotify-v0.2.0,SHA256SUMS.txt,4,
2026-09-24,sparknotify-v0.2.0,sparknotify-0.2.0-ign81-bundle.zip,7,
2026-09-24,sparknotify-v0.2.0,sparknotify-0.2.0-ign83-bundle.zip,6,
2026-09-24,sparknotify-v0.2.0-3.0,NOTES.md,1,
2026-09-24,sparknotify-v0.2.0-3.0,SHA256SUMS.txt,2,
2026-09-24,sparknotify-v0.2.0-3.0,SparkNotify.modl,4,
2026-09-24,sparknotify-v0.2.1-3.0,SHA256SUMS.txt,0,
2026-09-24,sparknotify-v0.2.1-3.0,SparkNotify.modl,1,
2026-09-24,sparknotify-v0.2.2-ign83,SHA256SUMS.txt,1,
2026-09-24,sparknotify-v0.2.2-ign83,SparkNotify.modl,1,
2026-09-24,sparkrecord-v0.1.0,SHA256SUMS.txt,3,
2026-09-24,sparkrecord-v0.1.0,sparkrecord-0.1.0-ign81-bundle.zip,3,
2026-09-24,sparkrecord-v0.1.0,sparkrecord-0.1.0-ign83-bundle.zip,3,
2026-09-24,sparkrecord-v0.1.0-3.0,NOTES.md,0,
2026-09-24,sparkrecord-v0.1.0-3.0,SHA256SUMS.txt,1,
2026-09-24,sparkrecord-v0.1.0-3.0,sparkrecord.modl,3,
2026-09-24,sparks7-v0.1.0,sparks7-0.1.0-ign81-bundle.zip,0,
2026-09-24,sparks7-v0.1.0,sparks7-0.1.0-ign83-bundle.zip,0,
2026-09-24,sparks7-v0.1.1,sparks7-0.1.1-ign81-bundle.zip,1,
2026-09-24,sparks7-v0.1.1,sparks7-0.1.1-ign83-bundle.zip,1,
2026-09-24,sparks7-v0.3.0,NOTES.md,0,
2026-09-24,sparks7-v0.3.0,SHA256SUMS.txt,1,
2026-09-24,sparks7-v0.3.0,SparkS7-0.3.0-ign81.modl,4,
2026-09-24,sparks7-v0.3.0,SparkS7-0.3.0-ign83.modl,2,
2026-09-24,sparks7-v0.3.1,SHA256SUMS.txt,1,
2026-09-24,sparks7-v0.3.1,SparkS7.modl,2,
2026-09-24,sparksnmp-v0.1.0,sparksnmp-0.1.0-ign81-bundle.zip,0,
2026-09-24,sparksnmp-v0.1.0,sparksnmp-0.1.0-ign83-bundle.zip,0,
2026-09-24,sparksnmp-v0.1.1,sparksnmp-0.1.1-ign81-bundle.zip,2,
2026-09-24,sparksnmp-v0.1.1,sparksnmp-0.1.1-ign83-bundle.zip,1,
2026-09-24,sparksnmp-v0.1.2,NOTES.md,1,
2026-09-24,sparksnmp-v0.1.2,SHA256SUMS.txt,2,
2026-09-24,sparksnmp-v0.1.2,SparkSNMP-0.1.2-ign81.modl,4,
2026-09-24,sparksnmp-v0.1.2,SparkSNMP-0.1.2-ign83.modl,3,
2026-09-24,sparksnmp-v0.1.3,SHA256SUMS.txt,0,
2026-09-24,sparksnmp-v0.1.3,SparkSNMP.modl,1,
2026-09-24,sparksnmp-v0.1.3-ign83,SHA256SUMS.txt,1,
2026-09-24,sparksnmp-v0.1.3-ign83,SparkSNMP.modl,1,
2026-09-24,sparkvalidate-v0.1.0,sparkvalidate-0.1.0-cli-bundle.zip,3,
2026-09-24,sparkvalidate-v0.1.0,sparkvalidate-0.1.0-gateway-bundle.zip,5,
2026-09-24,sparkvalidate-v0.1.0,sparkvalidate-0.1.0-ign83-bundle.zip,4,
2026-09-24,sparkvalidate-v0.1.1,SHA256SUMS.txt,0,
2026-09-24,sparkvalidate-v0.1.1,SparkValidate.modl,1,
2026-09-24,sparkvault-v0.1.0,NOTES.md,1,
2026-09-24,sparkvault-v0.1.0,SHA256SUMS.txt,2,
2026-09-24,sparkvault-v0.1.0,SparkVault-Historian.modl,4,
2026-09-24,sparkvault-v0.1.0-ign83,SHA256SUMS.txt,2,
2026-09-24,sparkvault-v0.1.0-ign83,SparkVault-Historian.modl,2,
2026-09-24,ti505-v1.0.0-3.0,NOTES.md,0,
2026-09-24,ti505-v1.0.0-3.0,SHA256SUMS.txt,1,
2026-09-24,ti505-v1.0.0-3.0,TI505-Driver.modl,3,
2026-09-24,ti505-v1.0.1-3.0,SHA256SUMS.txt,1,
2026-09-24,ti505-v1.0.1-3.0,TI505-Driver.modl,2,
2026-09-24,unsbridge-v0.1.0,NOTES.md,0,
2026-09-24,unsbridge-v0.1.0,SHA256SUMS.txt,1,
2026-09-24,unsbridge-v0.1.0,SparkBridge-Passage.modl,3,
2026-09-24,v2.4.0,sparkbridge-2.4.0-ign81-bundle.zip,0,
2026-09-24,v2.4.0,sparkbridge-2.4.0-ign83-bundle.zip,1,
2026-09-24,v2.5.0,sparkbridge-2.5.0-ign81-bundle.zip,1,
2026-09-24,v2.5.0,sparkbridge-2.5.0-ign83-bundle.zip,1,
2026-09-24,v2.6.0,SHA256SUMS.txt,2,
2026-09-24,v2.6.0,sparkbridge-2.6.0-ign81-bundle.zip,2,
2026-09-24,v2.6.0,sparkbridge-2.6.0-ign83-bundle.zip,2,
2026-09-24,v2.6.0,sparkbridge-signing-cert.pem,1,
2026-09-24,v2.7.0,SHA256SUMS.txt,1,
2026-09-24,v2.7.0,sparkbridge-2.7.0-ign81-bundle.zip,4,
2026-09-24,v2.7.0,sparkbridge-2.7.0-ign83-bundle.zip,2,
2026-09-24,v2.7.0,sparkbridge-signing-cert.pem,0,
2026-09-24,v2.8.0,NOTES.md,3,
2026-09-24,v2.8.0,SHA256SUMS.txt,1,
2026-09-24,v2.8.0,sparkbridge-2.8.0-ign81-bundle.zip,4,
2026-09-24,v2.8.0,sparkbridge-2.8.0-ign83-bundle.zip,3,
2026-09-24,v2.8.0,sparkbridge-broker-extension-2.8.0.zip,4,
2026-09-24,v2.8.0,SparkBridge-Edge.modl,2,
2026-09-24,v2.8.0,SparkBridge-Host.modl,2,
2026-09-24,v2.8.0,SparkBridge-Provider.modl,2,
2026-09-24,v2.8.0,sparkbridge-signing-cert.pem,3,
2026-09-24,v2.9.0,NOTES.md,1,
2026-09-24,v2.9.0,SHA256SUMS.txt,2,
2026-09-24,v2.9.0,sparkbridge-2.9.0-ign81-bundle.zip,2,
2026-09-24,v2.9.0,sparkbridge-2.9.0-ign83-bundle.zip,2,
2026-09-24,v2.9.0,sparkbridge-broker-extension-2.9.0.zip,1,
2026-09-24,v2.9.0,SparkBridge-Edge.modl,1,
2026-09-24,v2.9.0,SparkBridge-Flow.modl,1,
2026-09-24,v2.9.0,SparkBridge-Host.modl,1,
2026-09-24,v2.9.0,SparkBridge-Provider.modl,1,
2026-09-24,v2.9.0,sparkbridge-signing-cert.pem,1,
2026-09-24,v3.0.0,NOTES.md,0,
2026-09-24,v3.0.0,SHA256SUMS.txt,1,
2026-09-24,v3.0.0,sparkbridge-3.0.0-ign81-bundle.zip,2,
2026-09-24,v3.0.0,sparkbridge-3.0.0-ign83-bundle.zip,0,
2026-09-24,v3.0.0,sparkbridge-broker-extension-3.0.0.zip,1,
2026-09-24,v3.0.0,SparkBridge-Edge.modl,1,
2026-09-24,v3.0.0,SparkBridge-Flow.modl,0,
2026-09-24,v3.0.0,SparkBridge-Host.modl,0,
2026-09-24,v3.0.0,SparkBridge-Provider.modl,0,
2026-09-24,v3.0.0,sparkbridge-signing-cert.pem,1,
2026-09-24,v3.0.0-ign83,NOTES.md,0,
2026-09-24,v3.0.0-ign83,SHA256SUMS.txt,0,
2026-09-24,v3.0.0-ign83,sparkbridge-3.0.0-ign83-bundle.zip,2,
2026-09-24,v3.0.0-ign83,sparkbridge-broker-extension-3.0.0.zip,1,
2026-09-24,v3.0.0-ign83,sparkbridge-signing-cert.pem,1,
2026-09-24,v3.0.1,NOTES.md,1,
2026-09-24,v3.0.1,SHA256SUMS.txt,2,
2026-09-24,v3.0.1,sparkbridge-3.0.1-ign81-bundle.zip,2,
2026-09-24,v3.0.1,sparkbridge-3.0.1-ign83-bundle.zip,1,
2026-09-24,v3.0.1,sparkbridge-broker-extension-3.0.1.zip,1,
2026-09-24,v3.0.1,SparkBridge-Edge.modl,2,
2026-09-24,v3.0.1,SparkBridge-Flow.modl,1,
2026-09-24,v3.0.1,SparkBridge-Host.modl,1,
2026-09-24,v3.0.1,SparkBridge-Provider.modl,1,
2026-09-24,v3.0.1,sparkbridge-signing-cert.pem,1,
2026-09-24,v3.0.1-ign83,NOTES.md,1,
2026-09-24,v3.0.1-ign83,SHA256SUMS.txt,2,
2026-09-24,v3.0.1-ign83,sparkbridge-3.0.1-ign83-bundle.zip,2,
2026-09-24,v3.0.1-ign83,sparkbridge-broker-extension-3.0.1.zip,1,
2026-09-24,v3.0.1-ign83,sparkbridge-signing-cert.pem,1,
2026-09-24,v3.0.2,NOTES.md,0,
2026-09-24,v3.0.2,SHA256SUMS.txt,0,
2026-09-24,v3.0.2,sparkbridge-3.0.2-ign81-bundle.zip,1,
2026-09-24,v3.0.2,sparkbridge-3.0.2-ign83-bundle.zip,0,
2026-09-24,v3.0.2,sparkbridge-broker-extension-3.0.2.zip,0,
2026-09-24,v3.0.2,SparkBridge-Edge.modl,0,
2026-09-24,v3.0.2,SparkBridge-Flow.modl,0,
2026-09-24,v3.0.2,SparkBridge-Host.modl,0,
2026-09-24,v3.0.2,SparkBridge-Provider.modl,0,
2026-09-24,v3.0.2,sparkbridge-signing-cert.pem,0,
2026-09-24,v3.0.2-ign83,NOTES.md,1,
2026-09-24,v3.0.2-ign83,SHA256SUMS.txt,1,
2026-09-24,v3.0.2-ign83,sparkbridge-3.0.2-ign83-bundle.zip,1,
2026-09-24,v3.0.2-ign83,sparkbridge-broker-extension-3.0.2.zip,1,
2026-09-24,v3.0.2-ign83,sparkbridge-signing-cert.pem,1,
2026-09-24,v3.0.3,NOTES.md,0,
2026-09-24,v3.0.3,SHA256SUMS.txt,0,
2026-09-24,v3.0.3,sparkbridge-3.0.3-ign81-bundle.zip,0,
2026-09-24,v3.0.3,sparkbridge-3.0.3-ign83-bundle.zip,0,
2026-09-24,v3.0.3,sparkbridge-broker-extension-3.0.3.zip,0,
2026-09-24,v3.0.3,SparkBridge-Edge.modl,0,
2026-09-24,v3.0.3,SparkBridge-Flow.modl,0,
2026-09-24,v3.0.3,SparkBridge-Host.modl,0,
2026-09-24,v3.0.3,SparkBridge-Provider.modl,0,
2026-09-24,v3.0.3,sparkbridge-signing-cert.pem,0,
2026-09-24,v3.0.3-ign83,NOTES.md,0,
2026-09-24,v3.0.3-ign83,SHA256SUMS.txt,0,
2026-09-24,v3.0.3-ign83,sparkbridge-3.0.3-ign83-bundle.zip,0,
2026-09-24,v3.0.3-ign83,sparkbridge-broker-extension-3.0.3.zip,0,
2026-09-24,v3.0.3-ign83,sparkbridge-signing-cert.pem,0,
2026-09-24,v3.1.0,NOTES.md,0,
2026-09-24,v3.1.0,SHA256SUMS.txt,1,
2026-09-24,v3.1.0,sparkbridge-3.1.0-ign81-bundle.zip,2,
2026-09-24,v3.1.0,sparkbridge-3.1.0-ign83-bundle.zip,1,
2026-09-24,v3.1.0,sparkbridge-broker-extension-3.1.0.zip,1,
2026-09-24,v3.1.0,SparkBridge-Edge.modl,0,
2026-09-24,v3.1.0,SparkBridge-Flow.modl,0,
2026-09-24,v3.1.0,SparkBridge-Host.modl,0,
2026-09-24,v3.1.0,SparkBridge-Provider.modl,0,
2026-09-24,v3.1.0,sparkbridge-signing-cert.pem,1,
2026-09-24,v3.1.0-ign83,NOTES.md,0,
2026-09-24,v3.1.0-ign83,SHA256SUMS.txt,0,
2026-09-24,v3.1.0-ign83,sparkbridge-3.1.0-ign83-bundle.zip,1,
2026-09-24,v3.1.0-ign83,sparkbridge-broker-extension-3.1.0.zip,0,
2026-09-24,v3.1.0-ign83,sparkbridge-signing-cert.pem,0,
